case,riemann,reconstruction,time_integrator,nx,ny,final_time,rho_l1_error,rho_l2_error,rho_linf_error,rho_mass_error
entropy_wave,rusanov,piecewise_constant,euler,40,20,0.1000,1.4354058451e-02,1.5928720708e-02,2.2879014157e-02,2.0539125956e-17
uniform_flow,rusanov,piecewise_constant,euler,20,10,0.1000,0.0000000000e+00,0.0000000000e+00,0.0000000000e+00,0.0000000000e+00
entropy_wave,hll,piecewise_constant,euler,40,20,0.1000,9.6591169297e-03,1.0726734638e-02,1.5633226004e-02,3.2751579226e-17
uniform_flow,hll,piecewise_constant,euler,20,10,0.1000,0.0000000000e+00,0.0000000000e+00,0.0000000000e+00,0.0000000000e+00
